-- phpMyAdmin SQL Dump
-- version 3.5.1
-- http://www.phpmyadmin.net
--
-- Хост: 127.0.0.1
-- Время создания: Май 17 2017 г., 23:30
-- Версия сервера: 5.5.25
-- Версия PHP: 5.3.13

SET SQL_MODE="NO_AUTO_VALUE_ON_ZERO";
SET time_zone = "+00:00";


/*!40101 SET @OLD_CHARACTER_SET_CLIENT=@@CHARACTER_SET_CLIENT */;
/*!40101 SET @OLD_CHARACTER_SET_RESULTS=@@CHARACTER_SET_RESULTS */;
/*!40101 SET @OLD_COLLATION_CONNECTION=@@COLLATION_CONNECTION */;
/*!40101 SET NAMES utf8 */;

--
-- База данных: `fotogalereia`
--

-- --------------------------------------------------------

--
-- Структура таблицы `foto`
--

CREATE TABLE IF NOT EXISTS `foto` (
  `id фото` int(11) unsigned NOT NULL AUTO_INCREMENT,
  `имя фото` varchar(100) NOT NULL,
  `id достопримечательности` int(11) unsigned NOT NULL,
  `имя файла` varchar(100) NOT NULL,
  PRIMARY KEY (`id фото`),
  KEY `id достопримечательности` (`id достопримечательности`)
) ENGINE=InnoDB  DEFAULT CHARSET=utf8 AUTO_INCREMENT=139 ;

--
-- Дамп данных таблицы `foto`
--

INSERT INTO `foto` (`id фото`, `имя фото`, `id достопримечательности`, `имя файла`) VALUES
(1, 'Евпатория', 1, '1_1.jpg'),
(2, 'Евпатория', 1, '1_2.jpg'),
(3, 'Евпатория', 1, '1_3.jpg'),
(4, 'Ураус-Дереси', 2, '2_1.jpg'),
(5, 'Ураус-Дереси', 2, '2_2.jpg'),
(6, 'Ураус-Дереси', 2, '2_3.jpg'),
(7, 'Кояшское озеро', 3, '3_1.jpg'),
(8, 'Кояшское озеро', 3, '3_2.jpg'),
(9, 'Кояшское озеро', 3, '3_3.jpg'),
(10, 'Водопад Гейзер', 4, '4_1.jpg'),
(11, 'Водопад Гейзер', 4, '4_2.jpg'),
(12, 'Водопад Гейзер', 4, '4_3.jpg'),
(13, 'Ливадийский парк', 5, '5_1.jpg'),
(14, 'Ливадийский парк', 5, '5_2.jpg'),
(15, 'Ливадийский парк', 5, '5_3.jpg'),
(16, 'Храм-маяк святителя Николая', 6, '6_1.jpg'),
(17, 'Храм-маяк святителя Николая', 6, '6_2.jpg'),
(18, 'Храм-маяк святителя Николая', 6, '6_3.jpg'),
(19, 'Церковь Святой Екатерины', 7, '7_1.jpg'),
(20, 'Церковь Святой Екатерины', 7, '7_2.jpg'),
(21, 'Церковь Святой Екатерины', 7, '7_3.jpg'),
(22, 'Собор Святителя Николая Чудотворца', 8, '8_1.jpg'),
(23, 'Собор Святителя Николая Чудотворца', 8, '8_2.jpg'),
(24, 'Собор Святителя Николая Чудотворца', 8, '8_3.jpg'),
(25, 'Музей «Аллея вождей»', 9, '9_1.jpg'),
(26, 'Музей «Аллея вождей»', 9, '9_2.jpg'),
(27, 'Музей «Аллея вождей»', 9, '9_3.jpg'),
(28, 'Аю-Даг', 10, '10_1.jpg'),
(29, 'Аю-Даг', 10, '10_2.jpg'),
(30, 'Аю-Даг', 10, '10_3.jpg'),
(31, 'Севастополь', 11, '11_1.jpg'),
(32, 'Севастополь', 11, '11_2.jpg'),
(33, 'Севастополь', 11, '11_3.jpg'),
(34, 'Ялта', 12, '12_1.jpg'),
(35, 'Ялта', 12, '12_2.jpg'),
(36, 'Ялта', 12, '12_3.jpg'),
(37, 'Феодосия', 13, '13_1.jpg'),
(38, 'Феодосия', 13, '13_2.jpg'),
(39, 'Феодосия', 13, '13_3.jpg'),
(40, 'Алушта', 14, '14_1.jpg'),
(41, 'Алушта', 14, '14_2.jpg'),
(42, 'Алушта', 14, '14_3.jpg'),
(43, 'Бельбек', 15, '15_1.jpg'),
(44, 'Бельбек', 15, '15_2.jpg'),
(45, 'Бельбек', 15, '15_3.jpg'),
(46, 'Черная речка', 16, '16_1.jpg'),
(47, 'Черная речка', 16, '16_2.jpg'),
(48, 'Черная', 16, '16_3.jpg'),
(49, 'Кача', 17, '17_1.jpg'),
(50, 'Кача', 17, '17_2.jpg'),
(51, 'Кача', 17, '17_3.jpg'),
(52, 'Кизилкобинка', 18, '18_1.jpg'),
(53, 'Кизилкобинка', 18, '18_2.jpg'),
(54, 'Кизилкобинка', 18, '18_3.jpg'),
(55, 'Панагия', 19, '19_1.jpg'),
(56, 'Панагия', 19, '19_2.jpg'),
(57, 'Панагия', 19, '19_3.jpg'),
(58, 'Тобечик', 20, '20_1.jpg'),
(59, 'Тобечик', 20, '20_2.jpg'),
(60, 'Тобечик', 20, '20_3.jpg'),
(61, 'Кастель', 21, '21_1.jpg'),
(62, 'Кастель', 21, '21_2.jpg'),
(63, 'Кастель', 21, '21_3.jpg'),
(64, 'Сасык-Сиваш', 22, '22_1.jpg'),
(65, 'Сасык-Сиваш', 22, '22_2.jpg'),
(66, 'Сасык-Сиваш', 22, '22_3.jpg'),
(67, 'Джур-Джур', 23, '23_1.jpg'),
(68, 'Джур-Джур', 23, '23_2.jpg'),
(69, 'Джур-Джур', 23, '23_3.jpg'),
(70, 'Су-Учхан', 24, '24_1.jpg'),
(71, 'Су-Учхан', 24, '24_2.jpg'),
(72, 'Су-Учхан', 24, '24_3.jpg'),
(73, 'Серебряные струи', 25, '25_1.jpg'),
(74, 'Серебряные струи', 25, '25_2.jpg'),
(75, 'Серебряные струи', 25, '25_3.jpg'),
(76, 'Учан-Су', 26, '26_1.jpg'),
(77, 'Учан-Су', 26, '26_2.jpg'),
(78, 'Учан-Су', 26, '26_3.jpg'),
(79, 'Мисхорский парк', 29, '29_1.jpg'),
(80, 'Мисхорский парк', 29, '29_2.jpg'),
(81, 'Мисхорский парк', 29, '29_3.jpg'),
(82, 'Утес-Карасанский парк ', 30, '30_1.jpg'),
(83, 'Утес-Карасанский парк ', 30, '30_2.jpg'),
(84, 'Утес-Карасанский парк ', 30, '30_3.jpg'),
(85, 'Парк Парадиз', 31, '31_1.jpg'),
(86, 'Парк Парадиз', 31, '31_2.jpg'),
(87, 'Парк Парадиз', 31, '31_3.jpg'),
(88, 'Гурзуфский парк', 32, '32_1.jpg'),
(89, 'Гурзуфский парк', 32, '32_2.jpg'),
(90, 'Гурзуфский парк', 32, '32_3.jpg'),
(91, 'Свято-Успенский мужской монастырь', 33, '33_1.jpg'),
(92, 'Свято-Успенский мужской монастырь', 33, '33_2.jpeg'),
(93, 'Свято-Успенский мужской монастырь', 33, '33_3.jpg'),
(94, 'Свято-Илиинский храм', 34, '34_1.jpg'),
(95, 'Свято-Илиинский храм', 34, '34_2.jpg'),
(96, 'Свято-Илиинский храм', 34, '34_3.jpg'),
(97, 'Бисерный пещерный храм', 35, '35_1.jpg'),
(98, 'Бисерный пещерный храм', 35, '35_2.jpg'),
(99, 'Бисерный пещерный храм', 35, '35_3.jpg'),
(100, 'Фороская церковь', 36, '36_1.jpg'),
(101, 'Фороская церковь', 36, '36_2.jpg'),
(102, 'Фороская церковь', 36, '36_3.jpg'),
(103, 'Храм Святого Илии', 37, '37_1.jpeg'),
(104, 'Храм Святого Илии', 37, '37_2.jpg'),
(105, 'Храм Святого Илии', 37, '37_3.jpg'),
(106, 'Церковь Всех Святых', 38, '38_1.jpg'),
(107, 'Церковь Всех Святых', 38, '38_2.jpeg'),
(108, 'Церковь Всех Святых', 38, '38_3.jpg'),
(109, 'Свято-Никольская церковь​', 39, '39_1.jpg'),
(110, 'Свято-Никольская церковь​', 39, '39_2.jpg'),
(111, 'Свято-Никольская церковь​', 39, '39_3.jpg'),
(112, 'Владимирский собор', 40, '40_1.jpg'),
(113, 'Владимирский собор', 40, '40_2.jpg'),
(114, 'Владимирский собор', 40, '40_3.jpg'),
(115, 'Покровский собор', 41, '41_1.jpg'),
(116, 'Покровский собор', 41, '41_2.jpg'),
(117, 'Покровский собор', 41, '41_3.jpg'),
(118, 'Каменный сад в бухте Ласпи', 42, '42_1.jpg'),
(119, 'Каменный сад в бухте Ласпи', 42, '42_2.jpg'),
(120, 'Каменный сад в бухте Ласпи', 42, '42_3.jpg'),
(121, 'Корабль «Жан Жорес»', 43, '43_1.jpg'),
(122, 'Корабль «Жан Жорес»', 43, '43_2.jpg'),
(123, 'Корабль «Жан Жорес»', 43, '43_3.jpg'),
(124, 'Гора Кошка', 44, '44_1.jpg'),
(125, 'Гора Кошка', 44, '44_2.jpg'),
(126, 'Гора Кошка', 44, '44_3.jpg'),
(127, 'Гора Крокодил', 45, '45_1.jpg'),
(128, 'Гора Крокодил', 45, '45_2.jpg'),
(129, 'Гора Крокодил', 45, '45_3.jpg'),
(130, 'Гора Сокол', 46, '46_1.jpg'),
(131, 'Гора Сокол', 46, '46_2.jpg'),
(132, 'Гора Сокол', 46, '46_3.jpg'),
(133, 'Таракташ', 47, '47_1.jpg'),
(134, 'Таракташ', 47, '47_2.jpg'),
(135, 'Таракташ', 47, '47_3.jpg'),
(136, 'Адалары', 48, '48_1.jpg'),
(137, 'Адалары', 48, '48_2.jpg'),
(138, 'Адалары', 48, '48_3.jpg');

-- --------------------------------------------------------

--
-- Структура таблицы `kategorii`
--

CREATE TABLE IF NOT EXISTS `kategorii` (
  `id категории` int(11) unsigned NOT NULL AUTO_INCREMENT,
  `название категории` varchar(100) NOT NULL,
  PRIMARY KEY (`id категории`)
) ENGINE=InnoDB  DEFAULT CHARSET=utf8 AUTO_INCREMENT=11 ;

--
-- Дамп данных таблицы `kategorii`
--

INSERT INTO `kategorii` (`id категории`, `название категории`) VALUES
(1, 'Города'),
(2, 'Реки'),
(3, 'Озёра'),
(4, 'Водопады'),
(5, 'Парки'),
(6, 'Храмы'),
(7, 'Церкви'),
(8, 'Соборы'),
(9, 'Подводный мир'),
(10, 'Горы');

-- --------------------------------------------------------

--
-- Структура таблицы `showplace`
--

CREATE TABLE IF NOT EXISTS `showplace` (
  `id достопримечательности` int(11) unsigned NOT NULL AUTO_INCREMENT,
  `название` varchar(100) NOT NULL,
  `id категории` int(11) unsigned NOT NULL,
  `описание` varchar(5000) NOT NULL,
  PRIMARY KEY (`id достопримечательности`),
  KEY `id категории` (`id категории`)
) ENGINE=InnoDB  DEFAULT CHARSET=utf8 AUTO_INCREMENT=49 ;

--
-- Дамп данных таблицы `showplace`
--

INSERT INTO `showplace` (`id достопримечательности`, `название`, `id категории`, `описание`) VALUES
(1, 'Евпатория', 1, 'Евпато́рия — город-курорт на западе Крыма. Центр городского округа Евпатория Республики Крым'),
(2, 'Ураус-Дереси', 2, 'Ураус-Дереси (также Быстрянка, Пелагос) — небольшая река горном в Крыму, левый приток реки Бельбек. Длина 15,4 км, площадь водосбора 42,3 км², уклон реки 41,4 м/км. Исток находится у подножия Мангупа, у села Ходжа-Сала, там же слева речка принимает овраг Ураус-Дереси, впадает в Бельбек западнее села Танковое.  Река образует небольшую, очень живописную и плодородную, Каралезскую долину, проложенную в верхнемеловых известняках Внутренней гряды Крымских гор, со скалистыми бортами, самые известные из которых — памятник природы регионального значения Каралезские сфинксы (Узун-Тарла) у села Красный Мак.'),
(3, 'Кояшское озеро', 3, ' ​Кояшское озеро по праву считается самым соленым озером Крымского полуострова. Максимальная минерализация озера наступает в конце июля и длится до середины августа, достигая 390 грамм на литр. Средняя за год минерализация составляет 360 грамм на литр.'),
(4, 'Водопад Гейзер', 4, 'Водопад Гейзер — самый большой из множества водопадов долины реки Сотера. Долина находится в 9 километрах на северо-восток от Алушты. Река имеет три названия, обусловленных характером реки и типом местности. Нижнее течение называется Сотера, среднее, как и одноименное ущелье, носит название Алака, верхнее — Джурла. Река Сотера является местным природным памятником, в ее долине сосредоточено большое количество исторических, археологических и природных достопримечательностей.'),
(5, 'Ливадийский парк', 5, 'Ливадийский парк — ландшафтный парк с элементами регулярного. Расположен на территории Ливадии, на склоне горы Могаби. Памятник садово-паркового искусства. Заложен в конце XIX века.'),
(6, 'Храм-маяк святителя Николая', 6, 'Церковь Св. Николая Мирликийского в селе Малореченское (Большая Алушта, Крым) создана как часть мемориального комплекса «Памяти погибших на водах», который также включает в себя Музей катастроф на водах.'),
(7, 'Церковь Святой Екатерины', 7, 'Церковь во имя святой великомученицы Екатерины находится в городе Феодосия по улице Федько, дом 95. 21 апреля 1892 года, в день рождения императрицы Екатерины II, была произведена закладка церкви во имя святой Екатерины.'),
(8, 'Собор Святителя Николая Чудотворца', 8, 'Собор Святителя Николая Чудотворца — второй в Крыму по высоте, площади и вместимости. Одновременно в соборе могут находиться 2 000 прихожан. Является одной из доминант исторического облика Евпатории.'),
(9, 'Музей «Аллея вождей»', 9, 'На мысе Тарханкут в Крыму есть урочище Большой Атлеш. На его территории есть небольшой поселок Оленевка. Так вот, немного юго-восточнее этого населенного пункта на расстоянии около 100 метров от берега на глубине 12-15 метров Черное море скрывает уникальный подводный музей – коллекцию скульптур и бюстов руководителей бывшего Советского Союза разных времен, и не только их.'),
(10, 'Аю-Даг', 10, 'Медведь-гора – так с тюркского языка переводится Аю-Даг. Эта главная природная достопримечательность Южного Берега Крыма. Максимальная высота этой овеянной многими легендами гигантской скалы составляет 577 метров. Добраться на вершину Аю-Дага можно из Партенита.'),
(11, 'Севастополь', 1, 'Севастополь — город на юго-западе Крымского полуострова, на побережье Чёрного моря. Незамерзающий морской торговый и рыбный порт, промышленный, научно-технический, рекреационный и культурно-исторический центр. Носит звание «Город-Герой». В Севастополе расположена главная военно-морская база Черноморского флота Российской Федерации. Город Севастополь входит в перечень исторических поселений федерального значения России и в список исторических населённых мест Украины.'),
(12, 'Ялта', 1, 'Я́лта — курорт и порт на Южном берегу Крыма. Различаются город Ялта и так называемая Большая Ялта, которую составляет городской округ Ялта. Территория протяжённостью более 70 км, с административным центром в Ялте.'),
(13, 'Феодосия', 1, 'Феодо́сия (укр. Феодо́сія, крымско-тат. Kefe, Кефе[8]) — город в Крыму, на юго-восточном побережье Чёрного моря. Образует городской округ Феодосия (Феодосийский горсовет). Город воинской славы (с 2015 г.)'),
(14, 'Алушта', 1, 'Алу́шта — город-курорт на южном берегу Крыма. Образует городской округ Алушта Республики Крым Российской Федерации, так называемую Большую Алушту.'),
(15, 'Бельбек', 2, 'Бельбек — река в Крыму северо-западного макросклона Главной гряды Крымских гор, пересекает Крымское предгорье, образуя Бельбекскую долину и впадает в Черное море у с. Любимовка (Севастопольский район) в 7 км севернее Севастопольской бухты. Одна из самых многоводных рек Крыма. Длина реки 55 км, площадь водосбора — 505 км², имеет 31 приток. Бельбек — слово тюркского происхождения, означает в переводе «сильная или крепкая спина».'),
(16, 'Черная', 2, 'Неподалеку от Севастополя, среди леса и скал, в удалении от автомобильных дорог притаился самый длинный каньон Крыма – Чернореченский. По его дну стремительно бежит вторая (после Бельбека) по полноводности река Крыма – Черная. За красоту и грохот воды во время половодья Чернореченский каньон называют крымским Дарьялом. Черная речка, как считают историки, получила свое название из-за созвучия с тюркским Чер-Су (Чергунь) — «горестная вода». Вода в этой реке кристально чистая, и уж точно не имеет никакого отношения к черному цвету. Хотя местами, где высокие скалы и густые кроны деревьев не пропускают на дно каньона солнечный свет, вода становится совсем темной. Кстати, именно из Чёрной речки берёт воду город Севастополь.'),
(17, 'Кача', 2, 'Начинается на северных склонах Главной гряды Крымских гор слиянием двух рек — Писары и Биюк-Узеня. Впадает в Чёрное море в 10 км севернее района Северная Сторона города Севастополя. Основные притоки — Чурук-Су, Стиля и Марта. Берега высокие, каменистые, русло широкое, дно почти на всем протяжении галечное. Бо́льшая часть притоков впадает в Качу в её верхнем течении. Во время сильных дождей, а также осенью и зимой Кача может сильно разливаться. Летом в связи с использованием воды на орошение в нижнем течении сток значительно уменьшается.'),
(18, 'Кизилкобинка', 2, 'Кизилкоби́нка, также известна как Кизил-Коба, Кызыл-Коба, Краснопещерная — река в Крыму, вытекающая из пещеры Кызыл-Коба, расположенной на отрогах Долгоруковской яйлы. Длина реки — 5,0 км, площадь водосборного бассейна — 21 км²  .  Имеет протяжённость подземной части около 13 км. При выходе на поверхность образует водопад Су-Учхан. У Кизил-Кобы 7 притоков, впадает справа в Салгир в 204,0 км от устья, за западнной окраиной села Перевальное.'),
(19, 'Панагия', 3, 'Полуостров Крым обладает десятками удивительных водоемов, перечень которых был бы неполным без озера Панагия. Озеро расположено около села Зеленогорье (бывший Арпат) возле гор Муэдзин-Кая и Чок-Сары-Кая. Озеро Панагия окружено живописными вершинами гор и ранней весной великолепно смотрится в окружении зеленой травы. Расположен водоем на высоте 290 метров над уровнем моря в живописном ущелье. Оптимальное время его посещения – поздняя весна, когда зеленеет листва, а трава столь же зелена. Цвет воды в озере имеет ярко-бирюзовый оттенок. А в его водах отражаются окружающие горы. В апреле-мае горное озеро Панагия полноводно, а к осени оно сильно высыхает и берег обнажается на 5-10 метров. '),
(20, 'Тобечик', 3, 'Солёное озеро на юго-востоке Керченского полуострова.  Тобечикское озеро — самый крупный местный лиман. Его длина девять, ширина — около двух километров, площадь зеркала — около восемнадцати квадратных километров. На восточной стороне озеро отделено от Керченского пролива узким, шириной примерно в сто метров и километр длиной, перешейком из ракушечного песка.Максимальная глубина озера — два метра. Поэтому вода в нём хорошо прогревается летом и сохраняет тепло в период бархатного сезона.'),
(21, 'Кастель', 3, 'Горное озеро с прозрачной водой, наполняемое из родника, где можно не только купаться, плавать на лодке, но и рыбачить. В зеркале озера отражаются светлые обрывы яйлы и темно-зеленые леса величественных сосен. Здесь множество видов деревьев, кустарников, в том числе плодовых, лекарственных трав и грибов. Любители шашлычного отдыха оценят оборудованные стоянки.'),
(22, 'Сасык-Сиваш ', 3, 'Сасык-Сиваш — удивительное место крымского полуострова. Это место играло ключевую роль в питании средневековых Украины и России. Название озеру было дано неслучайно и переводится с крымско-татарского как «зловонная грязь», недаром сегодня Сасык-Сиваш считается центром грязелечения Крыма '),
(23, 'Джур-Джур', 4, 'Водопад Джур-Джур расположен в живописном ущелье Хапхал, в долине реки Улу-Узень, недалеко от села Генеральское, которое связано автобусным сообщением с Алуштой. Джур-Джур в переводе означает журчащий. Это самый полноводный водопад в Крыму. Вода падает с высоты 15 метров зеркальной лентой с силой в 5 тонн в весеннее время когда река полноводная, а в самые засушливые месяцы лета в июле-августе сила падения воды снижается до 1 тонны. Температура воды 6-8 градусов.'),
(24, 'Су-Учхан', 4, 'Водопад Су-Учхан расположен возле Красной пещеры в Симферопольском районе Крыма. Водопад образовался на реке Кызылкобинки, которая протекает под землей по дну пещеры Кызыл-Коба и вытекая из пещеры вода срывается с уступа. В общем, каскады водопада в высоту достигают примерно двадцати пяти метров, этот водопад чрезвычайно красивый и непривычный, рядом с ним расположен грот, образованный из большого камня, который прислонился к обрыву.'),
(25, 'Серебряные струи', 4, 'Водопад «Серебряные струи» расположен в Бахчисарайском районе, неподалеку от села Соколиное, в небольшом ущелье под названием Малый Каньон в 3 км чуть западнее от Большого Каньона. Вода здесь тоненькими струйками стекает по мху, который покрывает глыбы камней, и когда светит солнце, кажется, будто струи окрашены в серебряный цвет. Водопад расположен на высоте около девятисот метров над уровнем моря.'),
(26, 'Учан-Су', 4, 'Водопад Учан-Су — самый высокий водопад Крыма, находится на южном склоне горы Ай-Петри, на высоте примерно четыреста метров над уровнем моря. Он расположен примерно в шести километрах северо-западнее Ялты и образован одноименной рекой Учан-Су, которая берёт начало под кромкой Ай-Петринской яйлы и течёт вниз с очень большим уклоном. Высота водопада Учан-Су составляет около девяносто восьми метров. Самые привлекательные свои черты водопад показывает, во время прохождения ливней или в весеннее время года, когда начинает таять снег на Ай-Петринской яйле. Летом водопад не слишком полноводный, поэтому впечатления от увиденного могут слегка разочаровать.'),
(29, 'Мисхорский парк ', 5, 'Мисхорский парк является одним из самых старых в Крыму – он был заложен в конце XVIII века. Расположен этот памятник садового искусства в одноименном южнобережном поселке между Алупкинским шоссе и побережьем Черного моря. Площадь парка составляет более 20 га. На его территории находится около 100 видов растений, в том числе экзотических: туполистная фисташка, пушистый дуб, аризонский кипарис, алеппская сосна, а также олеандр, пальмы, бамбук и многое другое. В парке есть бронзовая Русалка, цветомузыкальный фонтан и фонтан "Девушка Арзы и разбойник Али-Баба". А еще здесь создана одна из наиболее протяженных на крымском побережье аллей. В свое время по ней прогуливались Антон Чехов, Лев Толстой, Александр Куприн, Сергей Рахманинов и другие известные люди. '),
(30, 'Утес-Карасанский парк ', 5, 'На черноморском побережье, между мысом Плака и Партенитом, расположился живописный Утес-Карасанский парк, занимающий площадь в 23 га. Эта ландшафтная достопримечательность состоит из двух территорий: Карасанского парка, заложенного в 1820 году, и парка санатория "Утес", который был создан в 1813-1814 годах. Оба объекта основал русский военачальник Михаил Бороздин. Из интересного на этой территории – османтус, фейхоа, олеандр, зимоцвет, японская аукуба, болотный кедр, кипарис Линдлея, сосна Культера и другие экзотические растения. Также здесь находится вековая роща итальянских пиний. Помимо обилия зелени, парк может похвастаться двумя архитектурными памятниками прошлых столетий – дворцом княгини Гагариной и поместьем Раевских. '),
(31, 'Парк Парадиз ', 5, 'Парк Парадиз или "Райский уголок" является главной достопримечательностью приморского поселка Партенит (Алуштинский регион). Ландшафтная достопримечательность была заложена здесь в 1960-х годах на месте виноградников. Сегодня на площади в 25 га произрастают 13 тыс деревьев и 30 тыс кустарников. Парк оформлен в современном дизайнерском стиле. Здесь разбиты уютные аллеи из сосен и кипарисов, созданы живописные пруды, построены красивые лестницы, установлены интересные скульптуры, беседки и фонтаны. Среди главных достопримечательностей Парадиза – оливковая роща, состоящая из 200-летних деревьев. Она представляет собой экспозицию, посвященную античности и колонизации Крыма древними греками.'),
(32, 'Гурзуфский парк', 5, 'Один из красивейших парков в Крыму находится в Гурзуфе. Это не только уникальное произведение садово-паркового искусства, а огромный зеленый музей под открытым небом. История парка связана с именами известных в России личностей. Один из владельцев зеленого рая - основатель цивилизованного курорта в Гурзуфе Петр Ионович Губонин – был человеком незаурядного ума и таланта. Под сенью местных кипарисов и олив когда-то сочинял свои нетленные стихи А.С.Пушкин. В красоте окрестных пейзажей черпали вдохновение русские художники, среди них Коровин, Шишкин, Васнецов, Айвазовский…'),
(33, 'Свято-Успенский мужской монастырь ', 6, 'Древние монахи возвели здесь несколько храмов, в том числе в скалах. Именно они привлекают сюда тысячи туристов каждый год – люди едут в монастырь, чтобы помолиться в пещерном храме, а также полюбоваться необычными сооружениями и красивой природой. '),
(34, 'Свято-Илиинский храм', 6, 'Небольшой город Саки известен далеко за пределами Крыма. Это бальнеологический и грязевой курорт. Рапа и грязи сакского лимана — ценное лечебное средство, оно помогает при заболевании опорно-двигательной системы. О целебных свойствах маслянистой, иссиня-черной грязи знали еще в древности, Плиний Старший и Птолемей упоминали о земле в западной Таврии, "исцеляющей всякие раны". Местные жители и чумаки, приезжавшие сюда за солью, давно лечились в здешних лиманах. В 1827-1828 годах в Саках евпаторийским врачом С.Н. Оже была основана первая грязелечебница, он же разработал методику применения целительных грязей. Так появился Сакский курорт. Сюда поехали больные из разных уголков России. Население Сак увеличилось, поэтому потребовалось строить большой православный храм.  Начало его сооружению положено в 1894 году, когда была построена трехъярусная колокольня высотой 33 метров. Затем, в 1903 году, к ней была пристроена церковь, составившая с колокольней единый архитектурный ансамбль, выдержанный в русско-византийском стиле.'),
(35, 'Бисерный пещерный храм', 6, 'Маленький горный скит во имя святой великомученицы Анастасии Узорешительницы, Бахчисарайского Свято-Успенского мужского монастыря, спрятался в узком ущелье Таш-Аир на склоне горы Фыцки около пещерного города Качи-Кальон. 150 метров вверх по узкой тропинке, выложенной старыми автомобильными шинами, вьющейся через заросли склона и по самому краю обрыва. И чем выше вы поднимаетесь, тем живописнее панорама Качинской долины. Церковь святой Анастасии раньше была хорошо известна и за пределами Крыма. Так, в грамоте царя Бориса Годунова, упоминается денежная помощь Москвы этой маленькой крымской церкви. В Крыму менялись народы и государства, но церковь св. Анастасии оставалась. Ее упоминают и путешественники XIX века, о ней помнят все современные любители крымских троп.'),
(36, 'Фороская церковь', 7, 'Церковь Вознесения Христова построена на отвесной скале, над поселком Форос. Она была первым проектом столь высокой сложности. Церковь была построена в 1892 году. Еще при строительстве она стала легендой. Церковь находится на отвесной скале высотой более 400 метров, практически у самого обрыва. Ее видно с Фороса и со всех дорог в окрестности.'),
(37, 'Храм Святого Илии', 6, ' греческая церковь , освящённая во имя святого пророка Илии, находится на самой набережной Евпатории; по дореволюционным понятиям, к западу от неё начиналась новая часть города. Принадлежит Симферопольской и Крымской епархии Московской патриархии.  Храм построен в 1911—1918 гг. городским архитектором А. Л. Генрихом.  Слева от входа памятная доска с текстом: «Священномученик Елеазар (Спиридонов) Евпаторийский прославлен в лике святых Собора новомучеников и исповедников Российских XX в. Подвизался первым настоятелем Свято-Ильинского храма в 1919—1936 гг.».'),
(38, 'Церковь Всех Святых', 7, 'Церковь Всех Святых возведена в 1884 году. Стены ее изготовлены из инкерманского камня, из которого также выточены и все ее архитектурные элементы – наличники, пилястры, карнизы. Белый и сияющий храм очень походил на российскую парадную форму моряков. Недаром автор проекта и строитель церкви - капитан Матвей Соломонович Нич.  По своей архитектуре церковь выполнена в стиле церковного старорусского зодчества. Центральная часть церкви, квадратная в плане, увенчана высоким куполом; свет попадал сквозь стрельчатые узкие окна с витражами. По своим размерам церковь была невелика – 29,5 x 8,4 м.'),
(39, 'Свято-Никольская церковь​', 7, 'вято-Никольская церковь или церковь пирамида в Севастополе является действующим храмом и памятником первой обороны Севастополя во время Первой Русско-турецкой войны. Возле храма находится братская могила и кладбище. '),
(40, 'Владимирский собор ', 8, 'В середине XIX века в Херсонесе был устроен мужской монастырь. На одном из предполагаемых мест крещения князя Владимира возвели огромный собор в византийском стиле — для христиан это место всегда оставалось священным. Раскопки показали, что в районе выстроенного собора находятся еще семь христианских храмов. Чуть поодаль была обнаружена базилика, названная по фамилии человека, руководившего раскопками, Уваровской, а рядом с ней — баптистерий. По мнению некоторых специалистов, князь Владимир крестился именно здесь. На этом месте была установлена памятная беседка.'),
(41, 'Покровский собор', 8, 'Покровский собор относится к постройкам начала ⅩⅩ века. Он один из самых красивых в Крыму, находится в городе Севастополь на улице Большая Морская в доме 36. Сейчас в стенах этого собора проходят богослужения, но его история насыщена и неприятными моментами. В 1892 году уже был готов проект Покровского собора в Севастополе. Строительство строго контролировалось его создателем - архитектором В.А. Фельдманом. Возведение собора продолжалось тринадцать лет, и в 1905 году его освятили.'),
(42, 'Каменный сад в бухте Ласпи', 9, 'Точнее сказать, под водой у восточной оконечности бухты Ласпи, возле мыса Сарыч, находится целый каменный город. Огромные глыбы уютно покоятся на Черноморском дне в 300-х метрах от берега. Образование подводного каменного хаоса произошло в 1869 году после Крымского землетрясения. Природа смогла так уложить куски скал, что в итоге получились оригинальные улочки, гроты, пещеры, каньоны, навесы и дома. Так фантазия склонна представлять каменные нагромождения. Некоторые подводные путешественники называют это место Каменным городом. Для того, чтобы просто обозреть подводный каменный сад, можно отъехать от берега на катере и погрузиться на 5-10-метровую глубину, но чтобы «прогуляться» по всем уголкам подводного города и заглянуть во все укромные места, придется опуститься на 28-30 метров. Лишь там удастся ощутить дрожь от приближения к недрам Земли.'),
(43, 'Корабль «Жан Жорес»', 9, 'Грузовое судно «Жан Жорес» было спущено на воду в 1930 году, а в 1941 году вошло в состав Черноморского Флота. С началом Великой Отечественной войны теплоход включился в осуществление воинских перевозок. 4 января 1942 года транспорт под командованием капитана Г. Н. Лебедева совершал доставку людей и грузов в период Керченско-Феодосийского десанта. Утром 16 января корабль «Жан Жорес» отчалил от пирса и вышел в море, дабы отстояться там до наступления вечерних сумерек Во второй половине дня теплоход повернул обратно в порт, дабы подойти к причалу к 21 часу. Путь пролегал по узкому протраленному фарватеру, вокруг «плескалось» уйма мин, маяк не светил, а управляемость кораблем была мизерная. При подходе к Феодосийскому порту в районе мыса Святого Ильи около 22 часов «Жан Жорес» сошел с курса и попал в район, который на карте значился запретным для плавания. Сработала первая же магнитная мина и корабль начал борьбу за живучесть. После двух часов непрерывной работы уровень воды стал постепенно понижаться, но в это время немецкие войска ворвались в город. Командир корабля получил приказ затопить судно «Жан Жорес», если нет возможности для самостоятельного ухода из Феодосии До восстановления движения экипажу корабля было необходимо 5-6 часов, но теплоход уже оказался в свете береговых прожекторов и попал под обстрел береговой артиллерии. Пришлось принять решение о затоплении судна.'),
(44, 'Гора Кошка', 10, 'Высота горы Кошка составляет всего 254 метра, однако это почти втрое превышает высоту скалы Дива, расположенной прямо над пляжем Симеиза и скалы Панеа, где раньше располагалась крепость генуэзцев. Гора Кошка названа так из-за сходства с огромной кошкой. Особенно ярко это видно с запада. С других ракурсов ее можно принять даже за носорога – благодаря выступу скалы, чуть выдвинутой к морю. Встречаются варианты мыши, дракона, кролика и других животных. '),
(45, 'Гора Крокодил', 10, 'Гора Крокодил – выразительный скальный массив у самого входа в Бельбекскую долину. Он напоминает собой огромную рептилию, улегшуюся на отдых на левом берегу реки Бельбек.  Это одно из самых живописных мест в Крыму. Крокодил разделяет своим «телом» две красивейшие долины – Бельбекскую и Каралезскую. «Хвостом» он направлен к Бельбекским воротам, «носом»– в сторону мыса Лукулл. По этому «носу» идет тропинка, проходящая между «глаз»– округлых фигур выветривания и ведущая дальше на спину Крокодила. Максимальная высота массива не превышает 300 м, но он привлекает к себе не размерами, а удивительной выразительностью форм, выточенных временем, влагой и ветрами из меловых известняков. '),
(46, 'Гора Сокол ', 10, 'Известна вершина и под другими названиями. В древности ее прозвали Сенатором, а сейчас вторым названием горы является Куш-Кая (Птичья скала). Но ввиду того, что в Крыму существует несколько гор с подобным названием, то ее называют Сокол. Под горой расположена гора Соколенок, где владелец этих мест князь Голицын планировал возвести дом и даже начал строительство дороги от своего дома в Новом Свете. Ближе к Судаку находится гора Малый Сокол, дополняющая коллекцию окрестных птичьих скал.'),
(47, 'Таракташ', 10, 'Главное чудо на пути к Ай-Петри из Ялты — скалы Таракташ, напоминающие слоеный пирог, расположенный около выхода на яйлу. Название Таракташ переводится как «каменный гребень». Образовались скалы в результате оползня. '),
(48, 'Адалары ', 10, 'Гурзуф для многих ассоциируется исключительно с Аю-Дагом. Однако это в корне неверно — в море в нескольких сотнях метров высятся две скалы-близнеца, прозванные в народе Адалары. Это место обладает своей удивительной историей: по легенде в скалы превратили 2 братьев, вздумавших быть сильнее самого бога. Именно эти скалы по одной из версий Гомер прозвал Сциллой и Харибдой.  Расположены две вершины посреди Гурзуфской бухты в 300 метрах от берега. Схожие очертания и близкое расположение заставило народ прозвать их скалами-близнецами, но это неверно — их форма и высота отличаются. Первый возвышается на 35 метров, второй — на 48. Каждая скала имеет примерно 30 метров в диаметре.');

--
-- Ограничения внешнего ключа сохраненных таблиц
--

--
-- Ограничения внешнего ключа таблицы `foto`
--
ALTER TABLE `foto`
  ADD CONSTRAINT `foto_ibfk_1` FOREIGN KEY (`id достопримечательности`) REFERENCES `showplace` (`id достопримечательности`);

--
-- Ограничения внешнего ключа таблицы `showplace`
--
ALTER TABLE `showplace`
  ADD CONSTRAINT `showplace_ibfk_1` FOREIGN KEY (`id категории`) REFERENCES `kategorii` (`id категории`);

/*!40101 SET CHARACTER_SET_CLIENT=@OLD_CHARACTER_SET_CLIENT */;
/*!40101 SET CHARACTER_SET_RESULTS=@OLD_CHARACTER_SET_RESULTS */;
/*!40101 SET COLLATION_CONNECTION=@OLD_COLLATION_CONNECTION */;
